hashtag,count
#1,4323
#34,37310
#2,2348
#9829,58
#65533,17318
#8217,4304
#250,3
#60,256
#62,376
#9472,1
#5,557
#3,1316
#4,861
#49,23
#22,59
#19,78
#s,102
#8220,1585
#8221,1457
#8,292
#7,360
#37,28
#38,26
#39,42
#13,116
#20,108
#8216,379
#568,1
#572,1
#577,1
#595,1
#606,2
#6,412
#61630,17
#8230,302
#8212,229
#8211,293
#101,11
#10,204
#146,188
#145,25
#150,19
#147,61
#148,58
#133,13
#14,97
#25,63
#15,93
#21,93
#17,77
#18,95
#199,10
#t,10
#480,1
#9,277
#1547,1
#65279,134
#180,64
#26,39
#11,184
#2trekker,1
#29,50
#8242,43
#if,2
#32012364,3
#2i,3
#a48,3
#include,20
#1this,5
#12,152
#9733,33
#23,43
#c2766,1
#27,76
#225,1
#153,5
#172,1
#123,5
#222,1
#70,27
#85,7
#344,1
#305,12
#chy,1
#43,23
#100,24
#429,3
#784,11
#1sea,2
#2the,7
#3the,6
#4whenever,2
#224,1
#186,2
#178,2
#eng,1
#187,6
#66,13
#35,25
#67,12
#44,17
#61514,8
#8243,26
#0,24
#005,1
#131,3
#24,74
#steve,2
#hole,6
#m,4
#1042,3
#1083,14
#1072,25
#1076,11
#1080,34
#1084,9
#1088,23
#1041,1
#1086,40
#1090,25
#1082,20
#1052,4
#1089,23
#1077,41
#1075,7
#2124,1
#1286,1
#8482,28
#1105,77
#87,32
#i,14
#8800,3
#128515,2
#111,7
#756,1
#3090,1
#937,3
#112,3
#59,11
#50,44
#3now,1
#640,15
#604,2
#2491,1
#508,5
#54,12
#711,1
#058,1
#347,2
#98,13
#234,2
#88,6
#86,11
#211,7
#63,11
#2there,4
#978,19
#teamrhett,6
#33457,1
#12288,6
#12399,2
#12394,1
#28,57
#183,4
#170,3
#3flash,1
#177,2
#192,2
#201,4
#268,1
#16,79
#33,33
#42,26
#84,6
#02,10
#9724,1
#map1,1
#define,10
#defines,1
#107st,1
#78,19
#52,15
#64257,6
#manuals,1
#304,8
#2doctor,3
#3framley,3
#4the,7
#48,13
#readingfreude,2
#6423,1
#7555,1
#45,18
#1330,1
#36,34
#116,21
#124,20
#41,32
#635,3
#1550,1
#8222,20
#x,2
#1000,2
#31,34
#61472,9
#119,5
#10031,8
#8232,42
#142,3
#322,3
#419,2
#671,2
#1hemingway,3
#mn,3
#pager,1
#8203,98
#55,31
#80,10
#skills,1
#230,7
#1569945136,4
#happyreading,2
#543,1
#8226,51
#732,2
#440,4
#1244,4
#439,4
#12290,9
#4326,11
#731,5
#730,18
#9787,16
#10032,25
#9612,1
#30,41
#32,35
#3doctor,2
#5the,3
#rs,3
#er,4
#ger,3
#329,2
#154922,1
#ing,5
#chapter,1
#years,2
#46,23
#strikedebt,3
#74,10
#583,2
#326,5
#1093,3
#1096,2
#painfullyannoyingprose,1
#andiloveshelnote,1
#hashtag,1
#438,2
#441,2
#529,2
#battling,1
#1293,2
#1251,2
#1263,1
#61,13
#77,9
#3xxx,1
#280,2
#of,6
#1295,1
#878,3
#2of,1
#9675,7
#longman,2
#softcover,2
#which,5
#56,21
#290,6
#8if,1
#5old,1
#96,13
#121,12
#200,6
#builder,1
#3245,1
#495,5
#339,4
#91,8
#58,8
#919,1
#959,4
#921,2
#957,1
#phyver,1
#945,7
#97,8
#4027,1
#712,4
#601,6
#region,1
#208,2
#209,2
#263,3
#ad,2
#e,1
#k,6
#40,39
#ed,3
#v,4
#2063,4
#206,2
#174,3
#y0343,1
#isbn,5
#1s,2
#417,1
#1226,1
#108,4
#1i,5
#75rogue,1
#47,12
#1paragraph,1
#8730,2
#humblebrag,13
#381,2
#382,3
#0140432140,3
#0192834320,3
#235,3
#82,10
#75,10
#12354,1
#12360,1
#12356,5
#12358,1
#12362,3
#9780393933819,1
#9780393934380,1
#rettahdam,1
#181,4
#816talking,1
#68,14
#905,5
#65,7
#141,2
#7913,1
#73,9
#972,4
#1048,11
#1044,3
#1045,11
#1071,2
#1058,6
#1040,7
#1047,2
#1050,10
#1054,6
#1053,2
#1057,7
#1051,2
#1056,4
#1059,2
#1066,1
#1046,1
#1063,3
#1043,1
#1055,1
#8218,11
#424,1
#0072131780,1
#advert,1
#content,1
#990000,1
#990099,1
#box,1
#555,2
#8253,1
#96009,2
#4472,1
#2501,1
#6000,1
#2601,1
#3009,1
#4002,1
#6100,1
#46146,1
#754,1
#408,3
#70000,1
#70054,1
#1897,1
#9017,1
#2509,1
#4468,1
#4411,1
#1801,1
#35028,1
#6110,1
#12540,1
#65378,1
#65379,1
#1ponyboy,3
#4if,3
#94,8
#in,2
#79,7
#fire,1
#books,1
#161,7
#194,6
#162,5
#it,2
#195,2
#11992,2
#21995,2
#51997,2
#0879306998,1
#1121,1
#1593,10
#1576,17
#1583,11
#1575,32
#1604,22
#1607,6
#1569,6
#8206,24
#65292,12
#282,14
#284,9
#2553,1
#459,1
#110,5
#115,3
#120,3
#safe,1
#93,10
#51,15
#25914,1
#2117,1
#718,1
#38final,1
#128,6
#137,1
#8224,3
#most,1
#300,5
#72,14
#9827,1
#9003,1
#8595,2
#8227,16
#8202,16
#645,1
#57,19
#3220,1
#242,2
#8722,3
#1has,1
#pogf,1
#p,5
#53a,1
#3005,1
#151,15
#032,1
#094,1
#603,2
#lbs,1
#c,7
#evidence_for_hitler,4
#love,2
#omega,2
#8195,2
#83,7
#69,15
#q,4
#106,7
#107,3
#167,2
#185,2
#113,10
#114,5
#mx226b5hmrs67s51,1
#mx226b5hmrs67s5,1
#59209002,1
#9786,5
#333,23
#2b,2
#3a,3
#4271,1
#783,3
#happy,3
#warning,3
#d,3
#1they,1
#05,9
#06,8
#08,5
#resilience,1
#bodhi,1
#7717,2
#832,1
#61623,102
#this,2
#82226,1
#314,4
#404,8
#3you,1
#links,1
#346,3
#95,7
#1706,4
#some,1
#270,4
#289,3
#53,15
#096,1
#338,1
#9679,13
#969,1
#ch,4
#99,6
#2ers,7
#558,1
#060,2
#90,3
#h,2
#9734,10
#2951,2
#1150,9
#501grand,1
#8very,1
#1095,7
#1085,31
#1100,4
#1087,9
#1091,8
#57358,1
#1animorphs,1
#535,2
#570,3
#mafia,1
#babylonian,1
#motorcycle,1
#floating,1
#katana,1
#hypervelocity,1
#brainfry,1
#smartwheel,1
#monomolecular,1
#3569,1
#241,3
#122,1
#1the,5
#394,1
#1060,1
#45472,1
#1268,1
#1931514917,1
#215,1
#devpul,1
#25most,2
#0314948,1
#247,3
#393,1
#217,1
#118,7
#143,3
#155,4
#cisco,2
#10190,1
#190,1
#pragma,2
#160,1
#203,1
#12484,2
#159,6
#399,1
#418,2
#92,7
#103,4
#140,1
#510,1
#252,6
#312,2
#8209,1
#1409,1
#18june,1
#container,1
#footer,1
#pic,1
#26611,1
#23447,1
#20803,1
#38867,1
#24840,1
#21129,1
#31161,1
#37675,1
#259,1
#676,1
#2explicitly,1
#fail,2
#r2dgoiyayu17qaand,1
#f,1
#0963586114,1
#3000,3
#052910700,1
#182,2
#jim,1
#nawapa,1
#n,2
#03,7
#8219,14
#14053,1
#8356,4
#12640,2
#2l,2
#249,3
#chless,1
#01,8
#04,6
#07,6
#09,3
#76,5
#61550,6
#273,5
#269,5
#64,8
#104,4
#071009005990did,1
#261,3
#l,3
#09475,2
#ll,8
#0001,1
#3177,1
#05078,1
#2617is,1
#c0000005,1
#158,3
#260,2
#423,1
#426,1
#425,1
#look,3
#her,1
#232,9
#2s,3
#jacobs,1
#126,7
#113writer,1
#120writer,1
#1writer,1
#124writer,1
#126writer,1
#127writer,1
#2writer,1
#133writer,1
#134,1
#136writers,1
#136,4
#s1,2
#dyer,1
#1081,4
#10047,4
#2385,1
#how,1
#363,1
#00,1
#81,5
#65532,2
#ck,7
#56210,1
#56869,1
#4cut,1
#552,3
#549,1
#275,4
#4135,1
#one,1
#109,3
#wasthishelpfulession,1
#8213,2
#318,2
#feedi,1
#500,2
#271,2
#alon,3
#8609,1
#175,1
#5by,1
#comments,1
#105,2
#0974211524,1
#1013,1
#702,1
#332,3
#135,3
#2has,1
#1577,8
#back,1
#although,1
#typical,1
#400,2
#low,1
#reader,3
#audio,2
#rare,2
#newsreel,2
#excerpt,2
#television,2
#theatrical,2
#2236,1
#960,1
#227,1
#450,3
#465,1
#551,1
#238,2
#hz,1
#khz,1
#1513,6
#1456,4
#1473,1
#1502,2
#1463,1
#1506,6
#1497,16
#1460,1
#1474,1
#1512,2
#1464,4
#1488,3
#1461,2
#1500,3
#1492,20
#1493,14
#1457,1
#1465,1
#1504,2
#1468,1
#1462,1
#1495,1
#1491,2
#11905,1
#1296,2
#410,3
#65281,1
#7789,1
#36then,1
#exspecially,1
#65056,1
#65057,1
#h4464,1
#729,9
#420,2
#448,1
#621,1
#999,1
#8250,1
#es,1
#morehere,1
#will,1
#132,3
#2wow,1
#89637,5
#odd,1
#even,1
#r,1
#return,1
#danger,1
#139,3
#699,7
#351,1
#3668,1
#447,2
#473,4
#310,2
#311,4
#944,2
#315,3
#316,3
#345,5
#1580624480,1
#8544,1
#0785262253,1
#525,1
#garypittard,1
#vi,1
#vii,1
#8594,5
#8592,3
#he,1
#a6426,1
#506,2
#667,1
#668,1
#669,1
#501,1
#502,1
#503,1
#504,1
#670,1
#672,1
#673,1
#505,2
#507,1
#674,1
#675,1
#xxx,3
#97this,1
#2807,1
#10625,1
#61591,2
#8manic,1
#325,3
#cks,1
#ce399,2
#327,2
#ss,2
#4wolves,2
#5stalin,2
#6december,2
#_,2
#0670445800,1
#458,2
#576,1
#272,2
#http,1
#00gita,1
#1255,3
#1373,1
#8225,3
#20170,2
#26085,2
#12289,2
#23506,2
#12391,2
#12377,2
#12418,1
#61667,1
#206what,1
#4819,2
#4707,2
#4845,2
#0899425526,1
#1202,1
#412,1
#613,1
#1794,1
#3404,1
#588,1
#596,1
#m7,3
#5jonathan,1
#5overview,1
#144,2
#anne,2
#otto,2
#265,1
#128077,2
#houston,3
#274,1
#609,1
#618,1
#643,2
#650,1
#331,2
#at,1
#8706,1
#uke,1
#x002d,1
#whatever,1
#2gutman,1
#257,7
#283,1
#9642,1
#407,3
#0887282245,1
#uckem,1
#1496,1
#1489,3
#1490,1
#1514,4
#1or2,1
#min7,3
#2amazing,1
#ckwittage,2
#zope,1
#0838503403,1
#suggestions,2
#466,2
#472,2
#317,2
#152,1
#8437809355,1
#169,1
#171,2
#117,4
#560,1
#156,2
#these,1
#things,1
#522,1
#successes,1
#71,5
#214,3
#3540650695,1
#001,2
#7723,2
#705,2
#9788,5
#dim,1
#min7th,1
#william,1
#102,3
#b,1
#10023,4
#1905202326so,1
#1718,1
#358,1
#632,1
#the,7
#adolescence,1
#bibliographyben,1
#1a,1
#2a,1
#4a,1
#5big,1
#6the,1
#7coulda,1
#8keith,1
#276,1
#335,1
#61652,1
#tler,1
#2197,1
#89,22
#0316734357,2
#715,3
#700,1
#710,3
#9a,1
#3chills,1
#6518,1
#369,1
#math,2
#topics,1
#code,2
#should,1
#customerreviewsenjoy,1
#1501,2
#432,2
#125,2
#61607,5
#800,2
#teachthetruth,1
#165,1
#1103,8
#1078,4
#1094,3
#1092,2
#1099,4
#1074,12
#1102,4
#1perhaps,1
#2how,1
#264,1
#330,2
#833,1
#1376,1
#8364,1
#100056the,1
#127,2
#2425,2
#8042,1
#7849,1
#1079,4
#1097,1
#1073,2
#1101,1
#1061,1
#1756,1
#1755,1
#1757,1
#715515004763a,1
#293,2
#128512,1
#26acts,1
#309,2
#255,3
#350,1
#25104,1
#35486,1
#000,1
#204,2
#405,1
#605,1
#307,2
#157,1
#methods,1
#219,1
#651,1
#1series,2
#790,1
#306,2
#626,1
#0967502004,1
#4132,1
#1you,1
#377,1
#strategy,1
#563,3
#365,1
#0760734968,1
#2646,1
#as,1
#348,1
#c72,1
#2352,4
#2306,2
#2327,2
#196,1
#666,2
#59of,1
#72686123,1
#138,3
#210,4
#373,3
#3221110,1
#14407,1
#ii,2
#iii,1
#0761535225,1
#listen,1
#1587,3
#1608,8
#1585,9
#1602,9
#1589,7
#1578,8
#1580,3
#1603,3
#1605,5
#1606,6
#1594,2
#1601,4
#1579,2
#1591,1
#1581,2
#1610,5
#1586,1
#1574,1
#1588,1
#1572,1
#703san,1
#1210,1
#64979,2
#2346,2
#2366,1
#with,2
#2142,2
#1039,1
#evaluate,1
#470,1
#fish,1
#x27,2
#298,1
#299,3
#301,1
#302,1
#303,1
#tbut,1
#935,1
#addenda,1
#leaf,1
#838,2
#65357,1
#9824,38
#176,1
#wasthishelpfulthis,1
#155709103x,1
#323,1
#324,1
#328,2
#334,1
#1remember,1
#2satan,1
#300810,1
#154,1
#294,2
#287,2
#687,1
#a7,1
#a22,1
#b11,1
#0830719008,1
#61513,1
#9there,1
#diary,1
#2cincinnati,1
#14and,1
#perhaps,1
#manuscriptscaesar,1
#5012,1
#12932,1
#251,3
#253,2
#254,1
#233,3
#256,3
#967,1
#962,2
#281,1
#kidlit,1
#1694,1
#1699,1
#1711,1
#1719,1
#1724,1
#207,2
#212,1
#213,1
#endif,1
#21the,1
#23the,1
#25the,1
#27call,1
#28saint,1
#1best,1
#1003,1
#1505,1
#1507,1
#1503,4
#12richard,1
#13john,1
#14gerald,1
#15robert,1
#16ray,1
#17john,1
#18rich,1
#19david,1
#20don,1
#21pat,1
#22lewis,1
#23brian,1
#24larry,1
#2big,1
#4zits,1
#6random,1
#8crack,1
#10once,1
#there,1
#1harper,1
#2nicholas,1
#3merchant,1
#4st,1
#5rough,1
#6stolen,1
#7pig,1
#8counterfeit,1
#9the,1
#59most,1
#covers,1
#provides,1
#helps,1
#examines,1
#12933,1
#bookreview,1
#11733,1
#636,1
#644,1
#american,1
#ckers,1
#3and,1
#2makessense,1
#9825,1
#325each,1
#just,1
#more,1
#42th,2
#044022912x,1
#0753461382,1
#0007157975,1
#b00008639ae,1
#matts,1
#3921,1
#3926,1
#4017,1
#3938,1
#3851,2
#3905,1
#1590170253,1
#ff0000,1
#951,1
#963,1
#973,1
#garnet,2
#brainfood,1
#78000,1
#10p,1
#8p,1
#6p,2
#53i,1
#itch,1
#1sam,1
#7731,2
#5389,1
#953,1
#620,1
#64258,3
#48by,1
#keys,1
#0835808068,1
#using,3
#21326,1
#33521,1
#20250,1
#36890,1
#22269,1
#23478,1
#22270,1
#20070,1
#39302,1
#20986,1
#29256,1
#31038,1
#1author,1
#1through,1
#310only,1
#24120,1
#29992,1
#28450,1
#23383,1
#1580112706,1
#262,2
#258,1
#266,1
#179,2
#sneeze,1
#721,1
#0691020442,1
#069102054x,1
#0691020558,1
#0691073562,1
#991,1
#anchor,1
#3or,1
#746,2
#770,3
#785,2
#791,2
#842,2
#896,2
#1004,2
#1glass,1
#044652252x,1
#coulter,1
#3984229222,1
#3984202002,1
#2960,6
#821,6
#801,3
#808,3
#772,3
#9617,4
#9618,4
#9619,4
#9608,4
#9600,6
#9604,6
#46michael,1
#igtu4wxn4pnjmhgf,1
#320,3
#61656,4
#401,1
#564,1
#550,1
#u43,1
#250b,1
#220,1
#218,2
#28th,1
#370,1
#61485,1
#659,1
#660,1
#3312,2
#2from,1
#3325,1
#3280,1
#2dispels,1
#see_also,1
#006,1
#321,1
#9702,2
#1principle,1
#milo,1
#planning,1
#2447,1
#case,2
#xyz,1
#940,1
#2in,1
#3i,1
#4my,1
#2this,1
#book,1
#6661,1
#61666,1
#2since,1
#198,1
#3dsmax,1
#164,2
#1885203829,1
#7867,4
#8593,1
#8942,1
#949,1
#319,1
#313,1
#308,1
#37c,1
#278,1
